suburb,Year,House price,Vacant Price,Unit price,postcode,lat,lon
ALFREDTON,2015,340500,180000,254000,3350,-37.556958,143.817225
ALFREDTON,2016,375000,183500,285000,3350,-37.556958,143.817225
ALFREDTON,2017,412500,152000,290000,3350,-37.556958,143.817225
ALFREDTON,2018,439000,155000,242000,3350,-37.556958,143.817225
ALFREDTON,2019,480000,170000,277000,3350,-37.556958,143.817225
ALTONA NORTH,2015,645000,484000,530000,3025,-37.842879,144.850049
ALTONA NORTH,2016,726000,416000,532000,3025,-37.842879,144.850049
ALTONA NORTH,2017,828000,284500,635000,3025,-37.842879,144.850049
ALTONA NORTH,2018,840000,403500,650000,3025,-37.842879,144.850049
ALTONA NORTH,2019,788500,440000,630000,3025,-37.842879,144.850049
ANGLESEA,2015,635000,420000,461500,3230,-38.405129,144.189268
ANGLESEA,2016,652500,380000,570000,3230,-38.405129,144.189268
ANGLESEA,2017,788000,448000,670000,3230,-38.405129,144.189268
ANGLESEA,2018,861000,550000,690000,3230,-38.405129,144.189268
ANGLESEA,2019,905000,675000,755000,3230,-38.405129,144.189268
APOLLO BAY,2015,435000,190000,375000,3233,-38.748434,143.670432
APOLLO BAY,2016,480000,182500,415000,3233,-38.748434,143.670432
APOLLO BAY,2017,545000,185000,415000,3233,-38.748434,143.670432
APOLLO BAY,2018,550000,225000,375000,3233,-38.748434,143.670432
APOLLO BAY,2019,597500,244000,534000,3233,-38.748434,143.670432
ARARAT,2015,210000,83500,170000,3377,-37.284301,142.928227
ARARAT,2016,204500,50000,191500,3377,-37.284301,142.928227
ARARAT,2017,200000,97500,133500,3377,-37.284301,142.928227
ARARAT,2018,199000,99500,209000,3377,-37.284301,142.928227
ARARAT,2019,216500,91000,207000,3377,-37.284301,142.928227
BACCHUS MARSH,2015,355000,152000,279000,3340,-37.675855,144.437663
BACCHUS MARSH,2016,376000,148000,287000,3340,-37.675855,144.437663
BACCHUS MARSH,2017,415500,165000,305000,3340,-37.675855,144.437663
BACCHUS MARSH,2018,480000,215000,294000,3340,-37.675855,144.437663
BACCHUS MARSH,2019,500000,230000,393000,3340,-37.675855,144.437663
BAIRNSDALE,2015,246500,97500,216000,3875,-37.825114,147.628962
BAIRNSDALE,2016,255000,106000,211500,3875,-37.825114,147.628962
BAIRNSDALE,2017,270000,107500,225000,3875,-37.825114,147.628962
BAIRNSDALE,2018,276000,117500,215000,3875,-37.825114,147.628962
BAIRNSDALE,2019,274000,116000,215000,3875,-37.825114,147.628962
BALLAN,2015,359000,133000,315000,3342,-37.60016,144.225458
BALLAN,2016,370000,135000,320000,3342,-37.60016,144.225458
BALLAN,2017,417000,140000,340000,3342,-37.60016,144.225458
BALLAN,2018,462000,172500,390000,3342,-37.60016,144.225458
BALLAN,2019,450000,215000,337000,3342,-37.60016,144.225458
BALLARAT EAST,2015,275000,108500,267000,3350,-37.565618,143.886657
BALLARAT EAST,2016,295000,106000,230000,3350,-37.565618,143.886657
BALLARAT EAST,2017,310000,142500,272500,3350,-37.565618,143.886657
BALLARAT EAST,2018,340000,147500,282500,3350,-37.565618,143.886657
BALLARAT EAST,2019,360000,166500,299500,3350,-37.565618,143.886657
BEACONSFIELD,2015,559000,200500,400500,3807,-38.045159,145.36746
BEACONSFIELD,2016,585000,205000,398000,3807,-38.045159,145.36746
BEACONSFIELD,2017,694500,263000,463000,3807,-38.045159,145.36746
BEACONSFIELD,2018,730000,277500,460000,3807,-38.045159,145.36746
BEACONSFIELD,2019,690000,291000,454000,3807,-38.045159,145.36746
BELL PARK,2015,340000,125500,293000,3215,-38.113738,144.330983
BELL PARK,2016,360000,104000,316000,3215,-38.113738,144.330983
BELL PARK,2017,400000,153000,343000,3215,-38.113738,144.330983
BELL PARK,2018,452500,167500,392000,3215,-38.113738,144.330983
BELL PARK,2019,482000,360000,397500,3215,-38.113738,144.330983
BELMONT,2015,395000,180000,310000,3216,-38.175587,144.342666
BELMONT,2016,430000,129500,300000,3216,-38.175587,144.342666
BELMONT,2017,500000,450000,356000,3216,-38.175587,144.342666
BELMONT,2018,545000,220000,388500,3216,-38.175587,144.342666
BELMONT,2019,545000,261500,419000,3216,-38.175587,144.342666
BENALLA,2015,222500,104000,186000,3672,-72.932039,291.406341
BENALLA,2016,231500,100000,181500,3672,-72.932039,291.406341
BENALLA,2017,250000,96500,185000,3672,-72.932039,291.406341
BENALLA,2018,284000,113000,185000,3672,-72.932039,291.406341
BENALLA,2019,290000,129500,210000,3672,-72.932039,291.406341
BERWICK,2015,535000,289000,425000,3806,-38.030467,145.344621
BERWICK,2016,583000,331000,427000,3806,-38.030467,145.344621
BERWICK,2017,670000,385000,492000,3806,-38.030467,145.344621
BERWICK,2018,691500,455000,515000,3806,-38.030467,145.344621
BERWICK,2019,673500,482500,522500,3806,-38.030467,145.344621
BITTERN,2015,382500,41000,355000,3918,-38.337376,145.177993
BITTERN,2016,464000,315000,340000,3918,-38.337376,145.177993
BITTERN,2017,526500,320000,433000,3918,-38.337376,145.177993
BITTERN,2018,650000,560000,497500,3918,-38.337376,145.177993
BITTERN,2019,577500,405000,471500,3918,-38.337376,145.177993
BRIGHT,2015,392500,177500,260000,3741,-36.727237,146.960491
BRIGHT,2016,429500,209000,273000,3741,-36.727237,146.960491
BRIGHT,2017,495000,229000,349000,3741,-36.727237,146.960491
BRIGHT,2018,590000,272500,342500,3741,-36.727237,146.960491
BRIGHT,2019,580000,287500,450000,3741,-36.727237,146.960491
BROOKFIELD,2015,340000,142000,212500,3338,-37.701172,144.540792
BROOKFIELD,2016,360000,150000,273000,3338,-37.701172,144.540792
BROOKFIELD,2017,425000,162000,335000,3338,-37.701172,144.540792
BROOKFIELD,2018,491500,218000,400000,3338,-37.701172,144.540792
BROOKFIELD,2019,445000,235000,455000,3338,-37.701172,144.540792
BROWN HILL,2015,270000,162500,249000,3350,-37.552458,143.902041
BROWN HILL,2016,338000,180000,247500,3350,-37.552458,143.902041
BROWN HILL,2017,350000,190000,255500,3350,-37.552458,143.902041
BROWN HILL,2018,405000,182500,285000,3350,-37.552458,143.902041
BROWN HILL,2019,449000,181000,297500,3350,-37.552458,143.902041
BUNDOORA,2015,600500,305000,410000,3083,-37.70132,145.071967
BUNDOORA,2016,651000,650000,400000,3083,-37.70132,145.071967
BUNDOORA,2017,754000,685000,430000,3083,-37.70132,145.071967
BUNDOORA,2018,730000,772500,438500,3083,-37.70132,145.071967
BUNDOORA,2019,727500,420000,400000,3083,-37.70132,145.071967
BUNYIP,2015,420000,154000,270000,3815,-38.09708,145.715492
BUNYIP,2016,357500,180000,327500,3815,-38.09708,145.715492
BUNYIP,2017,437500,241500,310000,3815,-38.09708,145.715492
BUNYIP,2018,550000,275000,250000,3815,-38.09708,145.715492
BUNYIP,2019,501000,280000,397500,3815,-38.09708,145.715492
CANADIAN,2015,345000,140000,270000,3350,-37.584072,143.883055
CANADIAN,2016,339000,109500,250000,3350,-37.584072,143.883055
CANADIAN,2017,334500,125000,279000,3350,-37.584072,143.883055
CANADIAN,2018,373000,145000,270500,3350,-37.584072,143.883055
CANADIAN,2019,377500,147500,301500,3350,-37.584072,143.883055
CARRUM DOWNS,2015,370000,225000,319000,3201,-38.090783,145.191719
CARRUM DOWNS,2016,430000,235000,344000,3201,-38.090783,145.191719
CARRUM DOWNS,2017,530000,300500,387500,3201,-38.090783,145.191719
CARRUM DOWNS,2018,575000,375000,430000,3201,-38.090783,145.191719
CARRUM DOWNS,2019,537500,370000,431000,3201,-38.090783,145.191719
CASTLEMAINE,2015,380000,130000,317500,3450,-37.063869,144.217101
CASTLEMAINE,2016,410000,150000,327500,3450,-37.063869,144.217101
CASTLEMAINE,2017,435000,181000,332500,3450,-37.063869,144.217101
CASTLEMAINE,2018,499000,190000,396500,3450,-37.063869,144.217101
CASTLEMAINE,2019,520000,267500,420000,3450,-37.063869,144.217101
CHIRNSIDE PARK,2015,542500,315500,464000,3116,-37.750325,145.326463
CHIRNSIDE PARK,2016,627000,408000,476500,3116,-37.750325,145.326463
CHIRNSIDE PARK,2017,735000,472000,495000,3116,-37.750325,145.326463
CHIRNSIDE PARK,2018,700000,520000,532500,3116,-37.750325,145.326463
CHIRNSIDE PARK,2019,685000,407500,610000,3116,-37.750325,145.326463
CLYDE NORTH,2015,410000,230000,211000,3978,-38.118738,145.327258
CLYDE NORTH,2016,491000,243000,372000,3978,-38.118738,145.327258
CLYDE NORTH,2017,550000,300000,385000,3978,-38.118738,145.327258
CLYDE NORTH,2018,600000,336000,460500,3978,-38.118738,145.327258
CLYDE NORTH,2019,584500,320000,518500,3978,-38.118738,145.327258
COBRAM,2015,236000,78000,170000,3644,-71.872121,291.282589
COBRAM,2016,265000,80500,195000,3644,-71.872121,291.282589
COBRAM,2017,255000,81500,185000,3644,-71.872121,291.282589
COBRAM,2018,255000,100500,180000,3644,-71.872121,291.282589
COBRAM,2019,272500,104500,215000,3644,-71.872121,291.282589
COLAC,2015,246500,99000,203000,3250,-38.339298,143.58166
COLAC,2016,259500,97000,269500,3250,-38.339298,143.58166
COLAC,2017,282500,110000,225000,3250,-38.339298,143.58166
COLAC,2018,320000,145000,250000,3250,-38.339298,143.58166
COLAC,2019,315000,150000,310000,3250,-38.339298,143.58166
CORIO,2015,240000,170000,206500,3214,-38.074162,144.358659
CORIO,2016,250000,152000,215000,3214,-38.074162,144.358659
CORIO,2017,305000,148000,255000,3214,-38.074162,144.358659
CORIO,2018,370000,174500,295000,3214,-38.074162,144.358659
CORIO,2019,354000,217500,310000,3214,-38.074162,144.358659
COWES,2015,417500,149000,305000,3922,-38.450286,145.239003
COWES,2016,402500,150500,290000,3922,-38.450286,145.239003
COWES,2017,437500,157500,305000,3922,-38.450286,145.239003
COWES,2018,540000,170000,310000,3922,-38.450286,145.239003
COWES,2019,560000,295000,350000,3922,-38.450286,145.239003
CRAIGIEBURN,2015,390000,230000,339500,3064,-37.598975,144.941287
CRAIGIEBURN,2016,425000,248000,349000,3064,-37.598975,144.941287
CRAIGIEBURN,2017,502500,303500,366000,3064,-37.598975,144.941287
CRAIGIEBURN,2018,547000,348000,393000,3064,-37.598975,144.941287
CRAIGIEBURN,2019,530000,335000,380000,3064,-37.598975,144.941287
CRANBOURNE,2015,360000,214000,281500,3977,-38.11122,145.268832
CRANBOURNE,2016,406000,210500,285000,3977,-38.11122,145.268832
CRANBOURNE,2017,510000,325000,358500,3977,-38.11122,145.268832
CRANBOURNE,2018,540000,382000,400000,3977,-38.11122,145.268832
CRANBOURNE,2019,500000,346000,362500,3977,-38.11122,145.268832
CRANBOURNE EAST,2015,437000,211000,379000,3977,-38.117857,145.320381
CRANBOURNE EAST,2016,460000,232000,379000,3977,-38.117857,145.320381
CRANBOURNE EAST,2017,535000,295000,418500,3977,-38.117857,145.320381
CRANBOURNE EAST,2018,574000,345000,440000,3977,-38.117857,145.320381
CRANBOURNE EAST,2019,565000,288000,427500,3977,-38.117857,145.320381
CRANBOURNE NORTH,2015,410000,249000,330500,3977,-38.082218,145.276538
CRANBOURNE NORTH,2016,455000,269000,375000,3977,-38.082218,145.276538
CRANBOURNE NORTH,2017,541000,284000,405000,3977,-38.082218,145.276538
CRANBOURNE NORTH,2018,600000,300000,407500,3977,-38.082218,145.276538
CRANBOURNE NORTH,2019,570000,369000,425000,3977,-38.082218,145.276538
CRANBOURNE WEST,2015,350000,221000,316000,3977,-38.109374,145.25241
CRANBOURNE WEST,2016,410000,236000,379000,3977,-38.109374,145.25241
CRANBOURNE WEST,2017,510500,292000,405000,3977,-38.109374,145.25241
CRANBOURNE WEST,2018,540000,295000,390000,3977,-38.109374,145.25241
CRANBOURNE WEST,2019,520000,247000,385000,3977,-38.109374,145.25241
CRESWICK,2015,265000,109500,129000,3363,-37.424838,143.894483
CRESWICK,2016,292500,125500,221000,3363,-37.424838,143.894483
CRESWICK,2017,310000,110000,212000,3363,-37.424838,143.894483
CRESWICK,2018,330000,125000,291500,3363,-37.424838,143.894483
CRESWICK,2019,345000,133000,307500,3363,-37.424838,143.894483
CROYDON,2015,605000,425000,449000,3136,-37.798729,145.280685
CROYDON,2016,695000,357500,500000,3136,-37.798729,145.280685
CROYDON,2017,810000,400000,560000,3136,-37.798729,145.280685
CROYDON,2018,787500,350000,580000,3136,-37.798729,145.280685
CROYDON,2019,732500,326000,567000,3136,-37.798729,145.280685
DARLEY,2015,377500,151500,278500,3340,-37.660314,144.441634
DARLEY,2016,371500,182000,273000,3340,-37.660314,144.441634
DARLEY,2017,430000,170000,318500,3340,-37.660314,144.441634
DARLEY,2018,505000,289000,311000,3340,-37.660314,144.441634
DARLEY,2019,520000,315000,310000,3340,-37.660314,144.441634
DAYLESFORD,2015,442500,150000,325000,3460,-37.343587,144.142321
DAYLESFORD,2016,464000,162500,351000,3460,-37.343587,144.142321
DAYLESFORD,2017,502000,170000,385000,3460,-37.343587,144.142321
DAYLESFORD,2018,550000,241000,417500,3460,-37.343587,144.142321
DAYLESFORD,2019,590000,210000,535500,3460,-37.343587,144.142321
DIAMOND CREEK,2015,580000,375000,500000,3089,-37.642629,145.217595
DIAMOND CREEK,2016,646500,400000,585000,3089,-37.642629,145.217595
DIAMOND CREEK,2017,755000,430500,594500,3089,-37.642629,145.217595
DIAMOND CREEK,2018,782500,425000,601000,3089,-37.642629,145.217595
DIAMOND CREEK,2019,751500,427000,661000,3089,-37.642629,145.217595
DONCASTER,2015,1176000,795000,577000,3108,-37.783031,145.122517
DONCASTER,2016,1297500,907500,572500,3108,-37.783031,145.122517
DONCASTER,2017,1380000,1005000,599000,3108,-37.783031,145.122517
DONCASTER,2018,1300000,995000,581000,3108,-37.783031,145.122517
DONCASTER,2019,1251500,995000,620000,3108,-37.783031,145.122517
DOREEN,2015,440000,199000,135500,3754,-37.617671,145.154899
DOREEN,2016,470500,210000,379000,3754,-37.617671,145.154899
DOREEN,2017,550000,245000,365500,3754,-37.617671,145.154899
DOREEN,2018,601000,328000,442500,3754,-37.617671,145.154899
DOREEN,2019,597500,318000,430000,3754,-37.617671,145.154899
DROMANA,2015,552000,294000,400000,3936,-38.333311,144.963564
DROMANA,2016,583000,420000,525000,3936,-38.333311,144.963564
DROMANA,2017,690000,475000,521000,3936,-38.333311,144.963564
DROMANA,2018,785500,557500,680000,3936,-38.333311,144.963564
DROMANA,2019,715500,405000,585000,3936,-38.333311,144.963564
DROUIN,2015,320000,125000,247500,3818,-38.136919,145.858699
DROUIN,2016,347000,136500,250500,3818,-38.136919,145.858699
DROUIN,2017,390000,165000,285000,3818,-38.136919,145.858699
DROUIN,2018,455000,210000,330000,3818,-38.136919,145.858699
DROUIN,2019,440000,205000,334000,3818,-38.136919,145.858699
DRYSDALE,2015,410000,164000,303000,3222,-38.172318,144.570987
DRYSDALE,2016,409000,157000,325000,3222,-38.172318,144.570987
DRYSDALE,2017,436000,180000,309000,3222,-38.172318,144.570987
DRYSDALE,2018,510000,225000,382500,3222,-38.172318,144.570987
DRYSDALE,2019,572500,240000,392500,3222,-38.172318,144.570987
EAGLEHAWK,2015,283000,115000,237500,3556,-36.717864,144.252541
EAGLEHAWK,2016,270000,108000,220000,3556,-36.717864,144.252541
EAGLEHAWK,2017,295000,100000,228000,3556,-36.717864,144.252541
EAGLEHAWK,2018,315000,102000,225000,3556,-36.717864,144.252541
EAGLEHAWK,2019,321500,114000,242000,3556,-36.717864,144.252541
EAST BENDIGO,2015,300000,200000,270000,3550,-36.749405,144.30275
EAST BENDIGO,2016,303500,185000,325000,3550,-36.749405,144.30275
EAST BENDIGO,2017,335000,236500,337000,3550,-36.749405,144.30275
EAST BENDIGO,2018,318000,216000,322000,3550,-36.749405,144.30275
EAST BENDIGO,2019,390000,175500,331000,3550,-36.749405,144.30275
ECHUCA,2015,300000,140000,255000,3564,-36.128659,144.748178
ECHUCA,2016,310000,144500,278000,3564,-36.128659,144.748178
ECHUCA,2017,320000,150500,283000,3564,-36.128659,144.748178
ECHUCA,2018,365000,154000,278000,3564,-36.128659,144.748178
ECHUCA,2019,370000,150500,269000,3564,-36.128659,144.748178
EPPING,2015,400000,220000,344000,3076,-37.638363,145.009493
EPPING,2016,455000,275000,349000,3076,-37.638363,145.009493
EPPING,2017,557500,245000,375000,3076,-37.638363,145.009493
EPPING,2018,600000,317000,370000,3076,-37.638363,145.009493
EPPING,2019,550000,240000,400000,3076,-37.638363,145.009493
EPSOM,2015,340000,125000,260000,3551,-36.71462,144.313944
EPSOM,2016,340000,118000,272500,3551,-36.71462,144.313944
EPSOM,2017,352000,116500,275000,3551,-36.71462,144.313944
EPSOM,2018,357000,133000,291000,3551,-36.71462,144.313944
EPSOM,2019,371500,134000,305000,3551,-36.71462,144.313944
EUMEMMERRING,2015,408500,315000,325000,3177,-37.997711,145.250273
EUMEMMERRING,2016,450500,315000,341000,3177,-37.997711,145.250273
EUMEMMERRING,2017,517500,315000,492500,3177,-37.997711,145.250273
EUMEMMERRING,2018,622000,321500,414000,3177,-37.997711,145.250273
EUMEMMERRING,2019,540000,321500,430000,3177,-37.997711,145.250273
FERNTREE GULLY,2015,599000,415000,430000,3156,-37.883019,145.295404
FERNTREE GULLY,2016,660000,370000,510000,3156,-37.883019,145.295404
FERNTREE GULLY,2017,749000,400000,555000,3156,-37.883019,145.295404
FERNTREE GULLY,2018,732500,520000,599000,3156,-37.883019,145.295404
FERNTREE GULLY,2019,692000,402000,537500,3156,-37.883019,145.295404
FLORA HILL,2015,321000,181500,225000,3550,-36.774405,144.290098
FLORA HILL,2016,325000,155000,240000,3550,-36.774405,144.290098
FLORA HILL,2017,335000,225000,250000,3550,-36.774405,144.290098
FLORA HILL,2018,352500,155000,247500,3550,-36.774405,144.290098
FLORA HILL,2019,370000,185000,244500,3550,-36.774405,144.290098
FOSTER,2015,325000,132000,248000,3960,-38.65259,146.202007
FOSTER,2016,315000,165000,260000,3960,-38.65259,146.202007
FOSTER,2017,320000,142500,200000,3960,-38.65259,146.202007
FOSTER,2018,333500,111000,200000,3960,-38.65259,146.202007
FOSTER,2019,325000,123500,180000,3960,-38.65259,146.202007
GISBORNE,2015,550000,245000,435000,3437,-37.488037,144.59112
GISBORNE,2016,635000,286000,447500,3437,-37.488037,144.59112
GISBORNE,2017,655000,297500,450000,3437,-37.488037,144.59112
GISBORNE,2018,770000,410000,507500,3437,-37.488037,144.59112
GISBORNE,2019,730000,415000,510000,3437,-37.488037,144.59112
GOLDEN SQUARE,2015,306000,178500,245000,3555,-36.774862,144.263168
GOLDEN SQUARE,2016,315000,175000,250000,3555,-36.774862,144.263168
GOLDEN SQUARE,2017,320000,173500,272000,3555,-36.774862,144.263168
GOLDEN SQUARE,2018,334000,139500,250000,3555,-36.774862,144.263168
GOLDEN SQUARE,2019,340000,150500,277000,3555,-36.774862,144.263168
GREENVALE,2015,500000,260000,385000,3059,-37.642984,144.88872
GREENVALE,2016,510000,292000,395000,3059,-37.642984,144.88872
GREENVALE,2017,650000,342000,427500,3059,-37.642984,144.88872
GREENVALE,2018,720000,426000,485000,3059,-37.642984,144.88872
GREENVALE,2019,715000,372000,561500,3059,-37.642984,144.88872
GROVEDALE,2015,370000,200000,275000,3216,-38.200538,144.323683
GROVEDALE,2016,400000,195000,302500,3216,-38.200538,144.323683
GROVEDALE,2017,432000,255000,330000,3216,-38.200538,144.323683
GROVEDALE,2018,495000,329000,359000,3216,-38.200538,144.323683
GROVEDALE,2019,505000,322500,399000,3216,-38.200538,144.323683
HAMILTON,2015,200000,88000,207000,3300,-37.743025,142.020065
HAMILTON,2016,217000,98000,195000,3300,-37.743025,142.020065
HAMILTON,2017,190000,76500,175000,3300,-37.743025,142.020065
HAMILTON,2018,225000,91000,168000,3300,-37.743025,142.020065
HAMILTON,2019,208500,83000,187500,3300,-37.743025,142.020065
HASTINGS,2015,365000,232500,295000,3915,-38.30771,145.190507
HASTINGS,2016,400000,249000,320000,3915,-38.30771,145.190507
HASTINGS,2017,507500,250000,340000,3915,-38.30771,145.190507
HASTINGS,2018,519500,268000,450000,3915,-38.30771,145.190507
HASTINGS,2019,506000,285000,390000,3915,-38.30771,145.190507
HEALESVILLE,2015,445000,190000,360000,3777,-37.654137,145.516188
HEALESVILLE,2016,457000,247500,407500,3777,-37.654137,145.516188
HEALESVILLE,2017,550000,310000,435500,3777,-37.654137,145.516188
HEALESVILLE,2018,601000,300000,450000,3777,-37.654137,145.516188
HEALESVILLE,2019,579500,332500,475000,3777,-37.654137,145.516188
HERNE HILL,2015,368500,248000,213000,3218,-38.133564,144.331213
HERNE HILL,2016,402000,190000,226000,3218,-38.133564,144.331213
HERNE HILL,2017,490000,313000,260000,3218,-38.133564,144.331213
HERNE HILL,2018,550000,285000,277500,3218,-38.133564,144.331213
HERNE HILL,2019,534000,355000,290000,3218,-38.133564,144.331213
HIGHTON,2015,505000,250000,334000,3216,-38.170938,144.31905
HIGHTON,2016,555000,260000,358000,3216,-38.170938,144.31905
HIGHTON,2017,622500,260000,337500,3216,-38.170938,144.31905
HIGHTON,2018,681000,284000,390000,3216,-38.170938,144.31905
HIGHTON,2019,690000,300000,424000,3216,-38.170938,144.31905
HOPPERS CROSSING,2015,365500,350000,290000,3029,-37.882636,144.700297
HOPPERS CROSSING,2016,415000,340000,305000,3029,-37.882636,144.700297
HOPPERS CROSSING,2017,516000,427500,370000,3029,-37.882636,144.700297
HOPPERS CROSSING,2018,552000,445000,387500,3029,-37.882636,144.700297
HOPPERS CROSSING,2019,528500,458500,400000,3029,-37.882636,144.700297
HORSHAM,2015,240000,105000,212500,3402,-110.587611,427.0761
HORSHAM,2016,245000,102000,227500,3402,-110.587611,427.0761
HORSHAM,2017,262500,116000,259500,3402,-110.587611,427.0761
HORSHAM,2018,255000,112000,248500,3402,-110.587611,427.0761
HORSHAM,2019,269000,115000,220000,3402,-110.587611,427.0761
INVERLOCH,2015,425000,200000,317000,3996,-38.632958,145.729641
INVERLOCH,2016,442500,205000,365000,3996,-38.632958,145.729641
INVERLOCH,2017,495000,259000,360000,3996,-38.632958,145.729641
INVERLOCH,2018,598000,260000,487500,3996,-38.632958,145.729641
INVERLOCH,2019,592500,290000,515000,3996,-38.632958,145.729641
IRYMPLE,2015,268000,115000,230000,3498,-34.234604,142.181724
IRYMPLE,2016,255000,99500,165000,3498,-34.234604,142.181724
IRYMPLE,2017,291000,115000,207500,3498,-34.234604,142.181724
IRYMPLE,2018,310000,131500,191500,3498,-34.234604,142.181724
IRYMPLE,2019,380000,129000,135000,3498,-34.234604,142.181724
KANGAROO FLAT,2015,303000,135500,240500,3555,-36.796876,144.243973
KANGAROO FLAT,2016,300000,140000,237500,3555,-36.796876,144.243973
KANGAROO FLAT,2017,310000,135000,213500,3555,-36.796876,144.243973
KANGAROO FLAT,2018,325000,139000,237500,3555,-36.796876,144.243973
KANGAROO FLAT,2019,340000,136000,240000,3555,-36.796876,144.243973
KEYSBOROUGH,2015,559500,370000,511000,3173,-37.989707,145.149037
KEYSBOROUGH,2016,650000,553000,490000,3173,-37.989707,145.149037
KEYSBOROUGH,2017,745000,565000,551000,3173,-37.989707,145.149037
KEYSBOROUGH,2018,768000,555000,577500,3173,-37.989707,145.149037
KEYSBOROUGH,2019,740000,542000,590500,3173,-37.989707,145.149037
KILMORE,2015,336500,105000,255000,3764,-37.296087,144.952105
KILMORE,2016,333000,112500,275000,3764,-37.296087,144.952105
KILMORE,2017,387500,127500,275000,3764,-37.296087,144.952105
KILMORE,2018,440000,220000,315000,3764,-37.296087,144.952105
KILMORE,2019,435000,230000,335000,3764,-37.296087,144.952105
KOO WEE RUP,2015,345000,200000,270000,3981,-38.19937,145.490761
KOO WEE RUP,2016,400000,225000,277500,3981,-38.19937,145.490761
KOO WEE RUP,2017,450000,254000,361500,3981,-38.19937,145.490761
KOO WEE RUP,2018,510000,299000,372500,3981,-38.19937,145.490761
KOO WEE RUP,2019,550000,300000,415000,3981,-38.19937,145.490761
KORUMBURRA,2015,262500,110000,198000,3950,-38.431929,145.823567
KORUMBURRA,2016,257500,123000,210000,3950,-38.431929,145.823567
KORUMBURRA,2017,292000,129000,221500,3950,-38.431929,145.823567
KORUMBURRA,2018,317500,150000,259000,3950,-38.431929,145.823567
KORUMBURRA,2019,319000,180000,311000,3950,-38.431929,145.823567
KURUNJANG,2015,289500,130000,261000,3337,-37.675127,144.58855
KURUNJANG,2016,310000,132500,250000,3337,-37.675127,144.58855
KURUNJANG,2017,370000,150500,309000,3337,-37.675127,144.58855
KURUNJANG,2018,435500,215000,360000,3337,-37.675127,144.58855
KURUNJANG,2019,420500,240000,372000,3337,-37.675127,144.58855
KYABRAM,2015,240000,110000,160000,3620,-73.967629,289.985847
KYABRAM,2016,234000,115000,199000,3620,-73.967629,289.985847
KYABRAM,2017,239000,115000,220000,3620,-73.967629,289.985847
KYABRAM,2018,261000,114000,227000,3620,-73.967629,289.985847
KYABRAM,2019,263000,124000,205000,3620,-73.967629,289.985847
KYNETON,2015,425500,178500,325000,3444,-37.248467,144.453354
KYNETON,2016,455000,195000,360500,3444,-37.248467,144.453354
KYNETON,2017,495000,211000,389000,3444,-37.248467,144.453354
KYNETON,2018,550000,230000,408000,3444,-37.248467,144.453354
KYNETON,2019,595000,330000,420000,3444,-37.248467,144.453354
LAKES ENTRANCE,2015,255500,79500,250000,3909,-37.881499,147.982787
LAKES ENTRANCE,2016,280000,98000,252500,3909,-37.881499,147.982787
LAKES ENTRANCE,2017,281500,101000,265000,3909,-37.881499,147.982787
LAKES ENTRANCE,2018,328000,96500,257000,3909,-37.881499,147.982787
LAKES ENTRANCE,2019,310000,96500,220000,3909,-37.881499,147.982787
LALOR,2015,445000,282500,327000,3075,-37.665857,145.017194
LALOR,2016,499500,330000,375500,3075,-37.665857,145.017194
LALOR,2017,625500,405000,440500,3075,-37.665857,145.017194
LALOR,2018,625000,506000,430000,3075,-37.665857,145.017194
LALOR,2019,590500,495000,442000,3075,-37.665857,145.017194
LANGWARRIN,2015,450000,250000,316500,3910,-38.153809,145.185851
LANGWARRIN,2016,503000,371000,356500,3910,-38.153809,145.185851
LANGWARRIN,2017,600000,297500,431000,3910,-38.153809,145.185851
LANGWARRIN,2018,642500,353500,460000,3910,-38.153809,145.185851
LANGWARRIN,2019,617500,340000,450500,3910,-38.153809,145.185851
LARA,2015,348000,195000,300000,3212,-38.022416,144.407891
LARA,2016,355000,194000,294000,3212,-38.022416,144.407891
LARA,2017,430000,225000,320000,3212,-38.022416,144.407891
LARA,2018,515000,365000,353000,3212,-38.022416,144.407891
LARA,2019,495000,415000,377500,3212,-38.022416,144.407891
LEONGATHA,2015,305000,140500,292500,3953,-38.476151,145.946299
LEONGATHA,2016,305000,152500,276000,3953,-38.476151,145.946299
LEONGATHA,2017,320000,135000,267500,3953,-38.476151,145.946299
LEONGATHA,2018,360000,155000,265000,3953,-38.476151,145.946299
LEONGATHA,2019,367000,144000,247500,3953,-38.476151,145.946299
LEOPOLD,2015,365000,176500,285000,3224,-38.183967,144.459914
LEOPOLD,2016,407000,179000,308000,3224,-38.183967,144.459914
LEOPOLD,2017,447000,216500,308500,3224,-38.183967,144.459914
LEOPOLD,2018,500500,245000,360000,3224,-38.183967,144.459914
LEOPOLD,2019,510000,250000,391500,3224,-38.183967,144.459914
LILYDALE,2015,534000,290000,400000,3140,-37.755519,145.347707
LILYDALE,2016,633500,388000,440000,3140,-37.755519,145.347707
LILYDALE,2017,710500,352500,464000,3140,-37.755519,145.347707
LILYDALE,2018,708000,510000,525500,3140,-37.755519,145.347707
LILYDALE,2019,680000,470000,500000,3140,-37.755519,145.347707
LONGWARRY,2015,307000,123000,252500,3816,-38.111317,145.771421
LONGWARRY,2016,335000,134000,270500,3816,-38.111317,145.771421
LONGWARRY,2017,378000,160000,308000,3816,-38.111317,145.771421
LONGWARRY,2018,408500,200000,347500,3816,-38.111317,145.771421
LONGWARRY,2019,405000,227500,330000,3816,-38.111317,145.771421
LYNBROOK,2015,500000,225000,370000,3975,-38.050457,145.257531
LYNBROOK,2016,542500,326000,421000,3975,-38.050457,145.257531
LYNBROOK,2017,595000,320000,450000,3975,-38.050457,145.257531
LYNBROOK,2018,640000,250000,244000,3975,-38.050457,145.257531
LYNBROOK,2019,623000,505000,535000,3975,-38.050457,145.257531
MADDINGLEY,2015,332500,156000,288000,3340,-37.680437,144.421974
MADDINGLEY,2016,346000,153000,299000,3340,-37.680437,144.421974
MADDINGLEY,2017,395000,174000,316500,3340,-37.680437,144.421974
MADDINGLEY,2018,442000,206000,379000,3340,-37.680437,144.421974
MADDINGLEY,2019,460000,229500,365000,3340,-37.680437,144.421974
MAFFRA,2015,230000,109000,214000,3860,-37.966701,146.975445
MAFFRA,2016,258000,111500,227000,3860,-37.966701,146.975445
MAFFRA,2017,251500,113000,225000,3860,-37.966701,146.975445
MAFFRA,2018,261500,109000,205000,3860,-37.966701,146.975445
MAFFRA,2019,255000,117500,220000,3860,-37.966701,146.975445
MANSFIELD,2015,367500,160000,275000,3724,-74.10543,292.164719
MANSFIELD,2016,359000,180000,200000,3724,-74.10543,292.164719
MANSFIELD,2017,385000,172500,247500,3724,-74.10543,292.164719
MANSFIELD,2018,430000,174000,334000,3724,-74.10543,292.164719
MANSFIELD,2019,456000,170000,340000,3724,-74.10543,292.164719
MARYBOROUGH,2015,192500,76000,193500,3465,-37.048387,143.735409
MARYBOROUGH,2016,206500,90000,219000,3465,-37.048387,143.735409
MARYBOROUGH,2017,194000,85000,215000,3465,-37.048387,143.735409
MARYBOROUGH,2018,229500,83000,227500,3465,-37.048387,143.735409
MARYBOROUGH,2019,235500,99000,208000,3465,-37.048387,143.735409
MELTON SOUTH,2015,260000,150000,221500,3338,-37.704323,144.574818
MELTON SOUTH,2016,275500,160000,230000,3338,-37.704323,144.574818
MELTON SOUTH,2017,377000,187000,280000,3338,-37.704323,144.574818
MELTON SOUTH,2018,417000,222000,320000,3338,-37.704323,144.574818
MELTON SOUTH,2019,390000,244500,299500,3338,-37.704323,144.574818
MERNDA,2015,410000,191000,315000,3754,-37.594769,145.101581
MERNDA,2016,430000,217000,317500,3754,-37.594769,145.101581
MERNDA,2017,525500,244000,355000,3754,-37.594769,145.101581
MERNDA,2018,573500,329500,385000,3754,-37.594769,145.101581
MERNDA,2019,552000,288500,385500,3754,-37.594769,145.101581
METUNG,2015,299000,65000,311000,3904,-37.87152,147.847355
METUNG,2016,360000,65000,225000,3904,-37.87152,147.847355
METUNG,2017,347500,126500,212500,3904,-37.87152,147.847355
METUNG,2018,371500,120000,265000,3904,-37.87152,147.847355
METUNG,2019,425000,115000,292500,3904,-37.87152,147.847355
MILDURA,2015,252000,95500,163000,3502,-72.154601,287.421422
MILDURA,2016,260000,96000,182000,3502,-72.154601,287.421422
MILDURA,2017,264000,108000,190000,3502,-72.154601,287.421422
MILDURA,2018,281500,129000,225000,3502,-72.154601,287.421422
MILDURA,2019,310000,135000,220000,3502,-72.154601,287.421422
MOE,2015,162500,122000,126000,3825,-38.176609,146.264851
MOE,2016,173000,129000,137000,3825,-38.176609,146.264851
MOE,2017,175000,121500,135000,3825,-38.176609,146.264851
MOE,2018,200000,124000,133500,3825,-38.176609,146.264851
MOE,2019,210000,129000,163000,3825,-38.176609,146.264851
MOOROOLBARK,2015,558500,321000,410500,3138,-37.774337,145.329954
MOOROOLBARK,2016,620000,325000,495000,3138,-37.774337,145.329954
MOOROOLBARK,2017,726000,372500,596500,3138,-37.774337,145.329954
MOOROOLBARK,2018,720000,400000,569000,3138,-37.774337,145.329954
MOOROOLBARK,2019,670000,353500,568500,3138,-37.774337,145.329954
MOOROOPNA,2015,230000,100000,165000,3629,-36.394652,145.357817
MOOROOPNA,2016,215500,106000,167000,3629,-36.394652,145.357817
MOOROOPNA,2017,225000,105000,161500,3629,-36.394652,145.357817
MOOROOPNA,2018,230000,105000,164000,3629,-36.394652,145.357817
MOOROOPNA,2019,249000,110000,175000,3629,-36.394652,145.357817
MORNINGTON,2015,641000,295000,485000,3931,-38.238386,145.064195
MORNINGTON,2016,745000,434500,587000,3931,-38.238386,145.064195
MORNINGTON,2017,800000,840000,600000,3931,-38.238386,145.064195
MORNINGTON,2018,850000,820000,670000,3931,-38.238386,145.064195
MORNINGTON,2019,800000,765000,643000,3931,-38.238386,145.064195
MORWELL,2015,150000,110000,180000,3840,-38.23681,146.398703
MORWELL,2016,153000,96000,155000,3840,-38.23681,146.398703
MORWELL,2017,170000,107000,165000,3840,-38.23681,146.398703
MORWELL,2018,167000,119000,150000,3840,-38.23681,146.398703
MORWELL,2019,180000,129000,175500,3840,-38.23681,146.398703
MOUNT CLEAR,2015,322500,148000,215000,3350,-37.603114,143.868659
MOUNT CLEAR,2016,345000,140000,227500,3350,-37.603114,143.868659
MOUNT CLEAR,2017,345000,178000,263000,3350,-37.603114,143.868659
MOUNT CLEAR,2018,379000,145000,270000,3350,-37.603114,143.868659
MOUNT CLEAR,2019,396500,160000,275500,3350,-37.603114,143.868659
MOUNT ELIZA,2015,832000,440000,445000,3930,-38.187263,145.089626
MOUNT ELIZA,2016,950000,561000,500000,3930,-38.187263,145.089626
MOUNT ELIZA,2017,1137500,607500,590000,3930,-38.187263,145.089626
MOUNT ELIZA,2018,1220000,735000,535000,3930,-38.187263,145.089626
MOUNT ELIZA,2019,1157500,850000,595000,3930,-38.187263,145.089626
MOUNT MARTHA,2015,780000,534500,510000,3934,-38.302366,144.994873
MOUNT MARTHA,2016,965000,670000,550000,3934,-38.302366,144.994873
MOUNT MARTHA,2017,1050000,870000,631500,3934,-38.302366,144.994873
MOUNT MARTHA,2018,1202500,1065000,570000,3934,-38.302366,144.994873
MOUNT MARTHA,2019,1252500,915000,650000,3934,-38.302366,144.994873
MOUNT PLEASANT,2015,293500,137000,264500,3350,-37.581598,143.852739
MOUNT PLEASANT,2016,297500,109000,255000,3350,-37.581598,143.852739
MOUNT PLEASANT,2017,293000,100000,266500,3350,-37.581598,143.852739
MOUNT PLEASANT,2018,350000,110000,275000,3350,-37.581598,143.852739
MOUNT PLEASANT,2019,377500,126500,245000,3350,-37.581598,143.852739
MULGRAVE,2015,765500,516500,600000,3170,-37.869611,145.102866
MULGRAVE,2016,786000,660000,614500,3170,-37.869611,145.102866
MULGRAVE,2017,900500,706000,665000,3170,-37.869611,145.102866
MULGRAVE,2018,860000,740500,750000,3170,-37.869611,145.102866
MULGRAVE,2019,840000,706500,731000,3170,-37.869611,145.102866
MYRTLEFORD,2015,242000,95000,185000,3737,-73.015999,293.203386
MYRTLEFORD,2016,270500,94000,265000,3737,-73.015999,293.203386
MYRTLEFORD,2017,265000,128000,229000,3737,-73.015999,293.203386
MYRTLEFORD,2018,295000,130000,241500,3737,-73.015999,293.203386
MYRTLEFORD,2019,315000,141500,310000,3737,-73.015999,293.203386
NAGAMBIE,2015,360500,115000,320000,3608,-36.78568,145.153795
NAGAMBIE,2016,336000,120000,262500,3608,-36.78568,145.153795
NAGAMBIE,2017,330000,125000,270000,3608,-36.78568,145.153795
NAGAMBIE,2018,385000,120000,340000,3608,-36.78568,145.153795
NAGAMBIE,2019,414000,210000,360000,3608,-36.78568,145.153795
NARRE WARREN,2015,430000,220000,319000,3805,-38.026383,145.306933
NARRE WARREN,2016,487500,445000,350000,3805,-38.026383,145.306933
NARRE WARREN,2017,590000,402500,420000,3805,-38.026383,145.306933
NARRE WARREN,2018,615500,455000,440000,3805,-38.026383,145.306933
NARRE WARREN,2019,590000,460000,418000,3805,-38.026383,145.306933
NEWBOROUGH,2015,220000,87500,156000,3825,-38.183607,146.288321
NEWBOROUGH,2016,224500,103500,161500,3825,-38.183607,146.288321
NEWBOROUGH,2017,220000,107500,135500,3825,-38.183607,146.288321
NEWBOROUGH,2018,250000,122000,165000,3825,-38.183607,146.288321
NEWBOROUGH,2019,256000,150000,203500,3825,-38.183607,146.288321
NORTH BENDIGO,2015,286000,116000,264500,3550,-36.748507,144.280995
NORTH BENDIGO,2016,279000,133000,240000,3550,-36.748507,144.280995
NORTH BENDIGO,2017,302000,115000,252500,3550,-36.748507,144.280995
NORTH BENDIGO,2018,310000,129500,266000,3550,-36.748507,144.280995
NORTH BENDIGO,2019,325000,145000,265000,3550,-36.748507,144.280995
NUMURKAH,2015,219000,83000,205000,3636,-36.092337,145.431743
NUMURKAH,2016,195000,85000,160000,3636,-36.092337,145.431743
NUMURKAH,2017,219000,112000,152500,3636,-36.092337,145.431743
NUMURKAH,2018,225000,97500,190000,3636,-36.092337,145.431743
NUMURKAH,2019,252500,107500,175000,3636,-36.092337,145.431743
OCEAN GROVE,2015,516500,219500,435000,3226,-38.270293,144.540778
OCEAN GROVE,2016,555000,225000,491500,3226,-38.270293,144.540778
OCEAN GROVE,2017,637000,244000,537500,3226,-38.270293,144.540778
OCEAN GROVE,2018,690000,326000,605000,3226,-38.270293,144.540778
OCEAN GROVE,2019,695000,350000,615000,3226,-38.270293,144.540778
OFFICER,2015,375000,211000,362000,3809,-38.063056,145.40958
OFFICER,2016,440000,232500,369000,3809,-38.063056,145.40958
OFFICER,2017,480000,272000,387000,3809,-38.063056,145.40958
OFFICER,2018,550000,329000,449000,3809,-38.063056,145.40958
OFFICER,2019,550000,318000,430000,3809,-38.063056,145.40958
PAKENHAM,2015,367000,187000,290000,3810,-38.077355,145.493402
PAKENHAM,2016,400000,199000,310000,3810,-38.077355,145.493402
PAKENHAM,2017,470000,230000,355500,3810,-38.077355,145.493402
PAKENHAM,2018,520000,300000,399000,3810,-38.077355,145.493402
PAKENHAM,2019,485000,297500,370000,3810,-38.077355,145.493402
PAYNESVILLE,2015,302500,141500,233000,3880,-37.91898,147.719554
PAYNESVILLE,2016,308000,115000,266000,3880,-37.91898,147.719554
PAYNESVILLE,2017,335000,145000,272500,3880,-37.91898,147.719554
PAYNESVILLE,2018,353000,155000,272500,3880,-37.91898,147.719554
PAYNESVILLE,2019,339000,131000,295000,3880,-37.91898,147.719554
POINT COOK,2015,465000,280000,355000,3030,-37.914616,144.751038
POINT COOK,2016,505000,305000,377500,3030,-37.914616,144.751038
POINT COOK,2017,592000,330000,449500,3030,-37.914616,144.751038
POINT COOK,2018,631500,440000,472000,3030,-37.914616,144.751038
POINT COOK,2019,640500,411000,465000,3030,-37.914616,144.751038
POINT LONSDALE,2015,655000,265000,475000,3225,-38.286113,144.614489
POINT LONSDALE,2016,641000,251500,610000,3225,-38.286113,144.614489
POINT LONSDALE,2017,775000,320000,557500,3225,-38.286113,144.614489
POINT LONSDALE,2018,840000,367500,675000,3225,-38.286113,144.614489
POINT LONSDALE,2019,827500,397500,595500,3225,-38.286113,144.614489
PORT FAIRY,2015,447500,185000,331000,3284,-38.385516,142.236711
PORT FAIRY,2016,473500,220000,395000,3284,-38.385516,142.236711
PORT FAIRY,2017,500000,215000,590000,3284,-38.385516,142.236711
PORT FAIRY,2018,651000,235000,447500,3284,-38.385516,142.236711
PORT FAIRY,2019,630000,235000,522500,3284,-38.385516,142.236711
PORTARLINGTON,2015,409000,192000,340000,3223,-38.114836,144.651414
PORTARLINGTON,2016,460000,180000,356500,3223,-38.114836,144.651414
PORTARLINGTON,2017,515000,200000,405000,3223,-38.114836,144.651414
PORTARLINGTON,2018,640000,250000,460000,3223,-38.114836,144.651414
PORTARLINGTON,2019,621500,355000,494000,3223,-38.114836,144.651414
PORTLAND,2015,220000,52000,210000,3305,-38.351032,141.587701
PORTLAND,2016,220000,82000,150000,3305,-38.351032,141.587701
PORTLAND,2017,230000,50000,180000,3305,-38.351032,141.587701
PORTLAND,2018,234500,76000,171500,3305,-38.351032,141.587701
PORTLAND,2019,267500,60000,189500,3305,-38.351032,141.587701
RIDDELLS CREEK,2015,456500,245000,326500,3431,-37.463999,144.665048
RIDDELLS CREEK,2016,500000,260000,380000,3431,-37.463999,144.665048
RIDDELLS CREEK,2017,580000,269500,386500,3431,-37.463999,144.665048
RIDDELLS CREEK,2018,675000,360000,400000,3431,-37.463999,144.665048
RIDDELLS CREEK,2019,695000,418000,490000,3431,-37.463999,144.665048
ROMSEY,2015,420000,179000,315500,3434,-37.348923,144.742359
ROMSEY,2016,428000,186000,330500,3434,-37.348923,144.742359
ROMSEY,2017,470000,204000,288000,3434,-37.348923,144.742359
ROMSEY,2018,550000,261000,350000,3434,-37.348923,144.742359
ROMSEY,2019,580500,305000,425000,3434,-37.348923,144.742359
ROSEBUD,2015,389000,205000,380000,3939,-38.355262,144.906239
ROSEBUD,2016,445000,340000,432000,3939,-38.355262,144.906239
ROSEBUD,2017,536000,360000,499000,3939,-38.355262,144.906239
ROSEBUD,2018,590000,320000,535000,3939,-38.355262,144.906239
ROSEBUD,2019,545000,440000,525000,3939,-38.355262,144.906239
ROXBURGH PARK,2015,400000,239000,324000,3064,-37.636795,144.932604
ROXBURGH PARK,2016,435000,263000,321000,3064,-37.636795,144.932604
ROXBURGH PARK,2017,515000,263500,398000,3064,-37.636795,144.932604
ROXBURGH PARK,2018,546000,277500,390000,3064,-37.636795,144.932604
ROXBURGH PARK,2019,540000,327500,401000,3064,-37.636795,144.932604
RYE,2015,488000,275000,370000,3941,-38.370692,144.824741
RYE,2016,550000,282500,420000,3941,-38.370692,144.824741
RYE,2017,658000,370000,490000,3941,-38.370692,144.824741
RYE,2018,705000,450000,550000,3941,-38.370692,144.824741
RYE,2019,690000,446000,475000,3941,-38.370692,144.824741
SAFETY BEACH,2015,595000,305000,312000,3936,-38.314903,144.9906
SAFETY BEACH,2016,665000,420500,453500,3936,-38.314903,144.9906
SAFETY BEACH,2017,780000,447500,668000,3936,-38.314903,144.9906
SAFETY BEACH,2018,849000,450000,655000,3936,-38.314903,144.9906
SAFETY BEACH,2019,785000,570000,665000,3936,-38.314903,144.9906
SALE,2015,298000,125500,220000,3853,-76.204918,293.128371
SALE,2016,295500,128000,221000,3853,-76.204918,293.128371
SALE,2017,300000,137000,282500,3853,-76.204918,293.128371
SALE,2018,308000,142000,215000,3853,-76.204918,293.128371
SALE,2019,325000,135000,210000,3853,-76.204918,293.128371
SAN REMO,2015,420000,250000,255000,3925,-38.520564,145.373057
SAN REMO,2016,460000,249000,294000,3925,-38.520564,145.373057
SAN REMO,2017,497000,240000,351000,3925,-38.520564,145.373057
SAN REMO,2018,515000,275000,360000,3925,-38.520564,145.373057
SAN REMO,2019,554500,312500,228000,3925,-38.520564,145.373057
SEBASTOPOL,2015,244500,105000,215000,3356,-37.597592,143.841026
SEBASTOPOL,2016,248000,111000,212000,3356,-37.597592,143.841026
SEBASTOPOL,2017,256000,115000,218000,3356,-37.597592,143.841026
SEBASTOPOL,2018,289500,116500,236000,3356,-37.597592,143.841026
SEBASTOPOL,2019,315000,141000,235500,3356,-37.597592,143.841026
SEYMOUR,2015,225000,82000,179500,3661,-75.221304,291.669494
SEYMOUR,2016,242500,112500,190000,3661,-75.221304,291.669494
SEYMOUR,2017,277000,89500,163000,3661,-75.221304,291.669494
SEYMOUR,2018,295000,140000,195000,3661,-75.221304,291.669494
SEYMOUR,2019,300000,155000,195000,3661,-75.221304,291.669494
SHEPPARTON,2015,250000,127000,215000,3632,-72.925633,291.002532
SHEPPARTON,2016,265000,128000,210000,3632,-72.925633,291.002532
SHEPPARTON,2017,261000,124500,225000,3632,-72.925633,291.002532
SHEPPARTON,2018,275000,127500,195000,3632,-72.925633,291.002532
SHEPPARTON,2019,282000,127500,252000,3632,-72.925633,291.002532
SOMERVILLE,2015,425000,278000,320000,3912,-38.223956,145.175798
SOMERVILLE,2016,465000,315000,350000,3912,-38.223956,145.175798
SOMERVILLE,2017,580000,325000,403500,3912,-38.223956,145.175798
SOMERVILLE,2018,615000,374000,475000,3912,-38.223956,145.175798
SOMERVILLE,2019,600000,440000,453500,3912,-38.223956,145.175798
SOUTH MORANG,2015,450000,270000,360000,3752,-37.653074,145.095043
SOUTH MORANG,2016,502000,280000,365000,3752,-37.653074,145.095043
SOUTH MORANG,2017,610500,274000,423000,3752,-37.653074,145.095043
SOUTH MORANG,2018,635000,419000,450000,3752,-37.653074,145.095043
SOUTH MORANG,2019,625500,420000,407000,3752,-37.653074,145.095043
SPRING GULLY,2015,350000,315000,210000,3550,-36.803325,144.289662
SPRING GULLY,2016,350000,194000,220000,3550,-36.803325,144.289662
SPRING GULLY,2017,390000,321500,306500,3550,-36.803325,144.289662
SPRING GULLY,2018,400000,199500,282500,3550,-36.803325,144.289662
SPRING GULLY,2019,386500,177500,280000,3550,-36.803325,144.289662
ST ALBANS,2015,428000,311500,325000,3021,-37.745063,144.799626
ST ALBANS,2016,500000,452500,340000,3021,-37.745063,144.799626
ST ALBANS,2017,621000,495000,385000,3021,-37.745063,144.799626
ST ALBANS,2018,626500,555000,440000,3021,-37.745063,144.799626
ST ALBANS,2019,590000,468500,430000,3021,-37.745063,144.799626
ST LEONARDS,2015,375000,181500,382500,3223,-38.171243,144.717383
ST LEONARDS,2016,421500,179000,325000,3223,-38.171243,144.717383
ST LEONARDS,2017,469000,165000,356000,3223,-38.171243,144.717383
ST LEONARDS,2018,571500,199000,345000,3223,-38.171243,144.717383
ST LEONARDS,2019,562500,227500,419000,3223,-38.171243,144.717383
STRATHDALE,2015,410500,234000,252500,3550,-36.75934,144.298591
STRATHDALE,2016,445000,239000,239500,3550,-36.75934,144.298591
STRATHDALE,2017,380000,267500,270000,3550,-36.75934,144.298591
STRATHDALE,2018,420000,242000,260000,3550,-36.75934,144.298591
STRATHDALE,2019,453500,243500,273500,3550,-36.75934,144.298591
SUNBURY,2015,370000,215000,320000,3429,-37.576859,144.731425
SUNBURY,2016,395000,218000,358000,3429,-37.576859,144.731425
SUNBURY,2017,492000,235000,375000,3429,-37.576859,144.731425
SUNBURY,2018,545000,332000,415000,3429,-37.576859,144.731425
SUNBURY,2019,535000,320000,395000,3429,-37.576859,144.731425
SUNSHINE NORTH,2015,495000,280000,355000,3020,-37.768904,144.830258
SUNSHINE NORTH,2016,560000,387500,415000,3020,-37.768904,144.830258
SUNSHINE NORTH,2017,651000,430000,450000,3020,-37.768904,144.830258
SUNSHINE NORTH,2018,682500,315000,455500,3020,-37.768904,144.830258
SUNSHINE NORTH,2019,630000,434000,512000,3020,-37.768904,144.830258
SWAN HILL,2015,248000,88000,189000,3585,-35.336175,143.560181
SWAN HILL,2016,262500,102500,230000,3585,-35.336175,143.560181
SWAN HILL,2017,252000,109000,222500,3585,-35.336175,143.560181
SWAN HILL,2018,267000,138000,212000,3585,-35.336175,143.560181
SWAN HILL,2019,285000,113000,245000,3585,-35.336175,143.560181
TARNEIT,2015,400000,210000,300000,3029,-37.823738,144.692893
TARNEIT,2016,445000,225000,320500,3029,-37.823738,144.692893
TARNEIT,2017,515000,274500,377500,3029,-37.823738,144.692893
TARNEIT,2018,568500,297000,403000,3029,-37.823738,144.692893
TARNEIT,2019,555000,299000,388000,3029,-37.823738,144.692893
TATURA,2015,233000,95000,197500,3616,-36.440085,145.227847
TATURA,2016,228000,105000,184500,3616,-36.440085,145.227847
TATURA,2017,262000,112500,180000,3616,-36.440085,145.227847
TATURA,2018,250000,125000,195000,3616,-36.440085,145.227847
TATURA,2019,276500,146000,221000,3616,-36.440085,145.227847
TORQUAY,2015,620000,250000,472000,3228,-38.332818,144.32389
TORQUAY,2016,665000,268000,485000,3228,-38.332818,144.32389
TORQUAY,2017,720000,295000,599000,3228,-38.332818,144.32389
TORQUAY,2018,810000,358500,660000,3228,-38.332818,144.32389
TORQUAY,2019,820000,418000,615000,3228,-38.332818,144.32389
TRAFALGAR,2015,310000,140000,235000,3824,-38.20803,146.151382
TRAFALGAR,2016,312500,147500,250000,3824,-38.20803,146.151382
TRAFALGAR,2017,333500,147000,275000,3824,-38.20803,146.151382
TRAFALGAR,2018,375000,195000,297500,3824,-38.20803,146.151382
TRAFALGAR,2019,397500,215000,310000,3824,-38.20803,146.151382
TRARALGON,2015,273000,152500,209000,3844,-38.193322,146.538373
TRARALGON,2016,268500,150000,225000,3844,-38.193322,146.538373
TRARALGON,2017,288500,143000,205000,3844,-38.193322,146.538373
TRARALGON,2018,298000,138000,213500,3844,-38.193322,146.538373
TRARALGON,2019,325000,139000,215000,3844,-38.193322,146.538373
TRUGANINA,2015,391000,229000,325000,3029,-37.825004,144.748931
TRUGANINA,2016,430000,254500,334000,3029,-37.825004,144.748931
TRUGANINA,2017,519500,285000,408000,3029,-37.825004,144.748931
TRUGANINA,2018,574500,325000,430000,3029,-37.825004,144.748931
TRUGANINA,2019,575000,331000,415000,3029,-37.825004,144.748931
WALLAN,2015,362000,150500,263000,3756,-37.413086,144.979394
WALLAN,2016,375000,155000,277000,3756,-37.413086,144.979394
WALLAN,2017,425000,185000,310000,3756,-37.413086,144.979394
WALLAN,2018,490000,245000,330000,3756,-37.413086,144.979394
WALLAN,2019,477500,231000,360000,3756,-37.413086,144.979394
WALLAN EAST,2015,309500,148000,245000,3756,-37.419152,145.004297
WALLAN EAST,2016,352500,153000,277000,3756,-37.419152,145.004297
WALLAN EAST,2017,410000,159000,322000,3756,-37.419152,145.004297
WALLAN EAST,2018,489000,255000,376500,3756,-37.419152,145.004297
WALLAN EAST,2019,450000,250000,358000,3756,-37.419152,145.004297
WANGARATTA,2015,272000,131000,210000,3677,-72.676679,292.680257
WANGARATTA,2016,270500,132000,202000,3677,-72.676679,292.680257
WANGARATTA,2017,270000,151000,190000,3677,-72.676679,292.680257
WANGARATTA,2018,320000,162000,202500,3677,-72.676679,292.680257
WANGARATTA,2019,319000,147000,229500,3677,-72.676679,292.680257
WANTIRNA SOUTH,2015,829000,505000,485000,3152,-37.868979,145.235211
WANTIRNA SOUTH,2016,875000,465000,501500,3152,-37.868979,145.235211
WANTIRNA SOUTH,2017,1005000,516500,510000,3152,-37.868979,145.235211
WANTIRNA SOUTH,2018,1000000,572500,520000,3152,-37.868979,145.235211
WANTIRNA SOUTH,2019,988500,605000,495000,3152,-37.868979,145.235211
WARRAGUL,2015,342000,143000,242500,3820,-38.163058,145.93086
WARRAGUL,2016,340000,149000,263000,3820,-38.163058,145.93086
WARRAGUL,2017,364000,170000,290000,3820,-38.163058,145.93086
WARRAGUL,2018,449000,201500,312500,3820,-38.163058,145.93086
WARRAGUL,2019,460000,215000,300000,3820,-38.163058,145.93086
WARRNAMBOOL,2015,330000,140000,255000,3280,-38.383313,142.482959
WARRNAMBOOL,2016,320000,150000,252500,3280,-38.383313,142.482959
WARRNAMBOOL,2017,330000,150000,257000,3280,-38.383313,142.482959
WARRNAMBOOL,2018,350000,149000,252000,3280,-38.383313,142.482959
WARRNAMBOOL,2019,370000,155000,280000,3280,-38.383313,142.482959
WENDOUREE,2015,250000,131000,209000,3355,-37.54022,143.831297
WENDOUREE,2016,252500,150000,240000,3355,-37.54022,143.831297
WENDOUREE,2017,267500,145000,232500,3355,-37.54022,143.831297
WENDOUREE,2018,326000,135000,225000,3355,-37.54022,143.831297
WENDOUREE,2019,335000,150000,270000,3355,-37.54022,143.831297
WERRIBEE,2015,335000,191500,287500,3030,-37.903337,144.657731
WERRIBEE,2016,403000,208000,305000,3030,-37.903337,144.657731
WERRIBEE,2017,470000,253000,360000,3030,-37.903337,144.657731
WERRIBEE,2018,510000,298000,390000,3030,-37.903337,144.657731
WERRIBEE,2019,510000,285000,380000,3030,-37.903337,144.657731
WERRIBEE SOUTH,2015,680000,345000,589000,3030,-37.903337,144.657731
WERRIBEE SOUTH,2016,519000,389000,432000,3030,-37.903337,144.657731
WERRIBEE SOUTH,2017,620000,388500,480000,3030,-37.903337,144.657731
WERRIBEE SOUTH,2018,735000,402000,420000,3030,-37.903337,144.657731
WERRIBEE SOUTH,2019,744500,372000,465000,3030,-37.903337,144.657731
WEST WODONGA,2015,306000,133000,198000,3690,-36.099768,146.821149
WEST WODONGA,2016,308500,130000,205000,3690,-36.099768,146.821149
WEST WODONGA,2017,321000,129000,208000,3690,-36.099768,146.821149
WEST WODONGA,2018,321000,136000,215000,3690,-36.099768,146.821149
WEST WODONGA,2019,342500,139500,235000,3690,-36.099768,146.821149
WHITE HILLS,2015,297500,135000,210000,3550,-36.73025,144.307497
WHITE HILLS,2016,305000,145000,295000,3550,-36.73025,144.307497
WHITE HILLS,2017,300000,157500,260000,3550,-36.73025,144.307497
WHITE HILLS,2018,313500,160500,299000,3550,-36.73025,144.307497
WHITE HILLS,2019,330000,157000,255000,3550,-36.73025,144.307497
WILLIAMSTOWN NORTH,2015,862500,451000,489500,3016,-37.857681,144.887041
WILLIAMSTOWN NORTH,2016,1135500,451000,548000,3016,-37.857681,144.887041
WILLIAMSTOWN NORTH,2017,1024000,522500,531500,3016,-37.857681,144.887041
WILLIAMSTOWN NORTH,2018,860000,513000,577000,3016,-37.857681,144.887041
WILLIAMSTOWN NORTH,2019,915000,513000,737500,3016,-37.857681,144.887041
WINCHELSEA,2015,262000,127500,292000,3241,-38.243461,143.989297
WINCHELSEA,2016,267000,158000,280000,3241,-38.243461,143.989297
WINCHELSEA,2017,357000,168000,315000,3241,-38.243461,143.989297
WINCHELSEA,2018,391000,178000,316000,3241,-38.243461,143.989297
WINCHELSEA,2019,430000,196500,348000,3241,-38.243461,143.989297
WODONGA,2015,295000,124000,188500,3690,-73.801304,291.877855
WODONGA,2016,315000,135000,206000,3690,-73.801304,291.877855
WODONGA,2017,341500,141000,240000,3690,-73.801304,291.877855
WODONGA,2018,350000,146000,233500,3690,-73.801304,291.877855
WODONGA,2019,330500,152500,221500,3690,-73.801304,291.877855
WOLLERT,2015,430000,217000,339000,3750,-38.380955,144.811911
WOLLERT,2016,460000,233000,390000,3750,-38.380955,144.811911
WOLLERT,2017,530000,265000,420000,3750,-38.380955,144.811911
WOLLERT,2018,570000,309000,406000,3750,-38.380955,144.811911
WOLLERT,2019,577500,306500,420000,3750,-38.380955,144.811911
WONTHAGGI,2015,260000,132000,215000,3995,-38.606312,145.588583
WONTHAGGI,2016,265000,135000,257000,3995,-38.606312,145.588583
WONTHAGGI,2017,289000,145000,260000,3995,-38.606312,145.588583
WONTHAGGI,2018,339000,145000,306500,3995,-38.606312,145.588583
WONTHAGGI,2019,375000,148500,315000,3995,-38.606312,145.588583
WOODEND,2015,482500,230500,422000,3442,-37.35681,144.52727
WOODEND,2016,460000,235000,430000,3442,-37.35681,144.52727
WOODEND,2017,560000,280000,560000,3442,-37.35681,144.52727
WOODEND,2018,665000,375500,470000,3442,-37.35681,144.52727
WOODEND,2019,747500,397500,516000,3442,-37.35681,144.52727
WYNDHAM VALE,2015,325000,174000,240000,3024,-37.891641,144.629467
WYNDHAM VALE,2016,365000,198000,211000,3024,-37.891641,144.629467
WYNDHAM VALE,2017,436000,226000,254500,3024,-37.891641,144.629467
WYNDHAM VALE,2018,480000,285500,371000,3024,-37.891641,144.629467
WYNDHAM VALE,2019,465000,278000,378000,3024,-37.891641,144.629467
YARRAWONGA,2015,300500,110000,228000,3730,-36.011038,146.004643
YARRAWONGA,2016,320000,118500,232500,3730,-36.011038,146.004643
YARRAWONGA,2017,324500,130000,236000,3730,-36.011038,146.004643
YARRAWONGA,2018,345000,158000,248000,3730,-36.011038,146.004643
YARRAWONGA,2019,375000,160000,275000,3730,-36.011038,146.004643
